<?xml version="1.0" encoding="UTF-8"?>

<products>
	<product>
		<name>Bi-Facil Double-Action Eye Makeup Remover</name>
		<brand>
			<bname>Lancome</bname>
			<bphoto>lancomelogo.gif</bphoto>
		</brand>
		<category>Cleanser</category>
		<benefits>
			<benefit>Lift</benefit>
			<benefit>Deep Clean</benefit>
			<benefit>Refresh</benefit>
		</benefits>
		<tags>
			<tag>Sensitive</tag>
			<tag>Oil-free</tag>
			<tag>Eye Makeup Remove</tag>
		</tags>
		<price>27.0</price>
		<introduction>This award-winning phenomenon gently whisks away all types of eye makeup, even waterproof. The lipid phase lifts off eye makeup, while the water phase contains special emollients to refresh and condition skin without a greasy residue.
		</introduction>
		<photo>bi_facil.jpg</photo>
	</product>
	<product>
		<name>TONIQUE RADIANCE</name>
		<brand>
			<bname>Lancome</bname>
			<bphoto>lancomelogo.gif</bphoto>
		</brand>
		<category>Toner</category>
		<benefits>
			<benefit>Increases cell renewal so skin looks radiant</benefit>
			<benefit>Skin feels soothed|Hydrates skin for a soft feel</benefit>
			<benefit>Protects against free radicals</benefit>
		</benefits>
		<tags>
			<tag>Refresh</tag>
			<tag>Purify</tag>
			<tag>Radient</tag>
		</tags>
		<price>25.0</price>
		<introduction>This refreshing toner exfoliates and purifies in one easy step. The gentle formula made with antioxidant White Lotus and clarifying Anise Extract helps speed up cell turnover to improve skin tone, texture and clarity.
		</introduction>
		<photo>tonique_radiance.jpg</photo>
	</product>
	<product>
		<name>TONIQUE CONFORT</name>
		<brand>
			<bname>Lancome</bname>
			<bphoto>lancomelogo.gif</bphoto>
		</brand>
		<category>Toner</category>
		<benefits>
			<benefit>Soft</benefit>
			<benefit>Clean</benefit>
			<benefit>Comfort</benefit>
		</benefits>
		<tags>
			<tag>Refresh</tag>
			<tag>Purify</tag>
			<tag>Radient</tag>
		</tags>
		<price>25.0</price>
		<introduction>This silky-soft moisturizing toner immediately rehydrates and gently purifies skin. The instantly soothing formula made with Honey and Sweet Almond Extract gives skin a soft, fresh, clean and incredibly comfortable feeling.
		</introduction>
		<photo>tonique_confort.jpg</photo>
	</product>
</products>