<?xml version="1.0" encoding="UTF-8"?>

<products>
	<product>
		<name>Firming/Sculpting Face and Neck Creme</name>
		<brand>
			<bname>Estee Lauder</bname>
			<bphoto>estee.jpg</bphoto>
		</brand>
		<category>Moisturizer</category>
		<benefits>
			<benefit>Lift</benefit>
			<benefit>Sculpt</benefit>
			<benefit>Firm</benefit>
		</benefits>
		<tags>
			<tag>SPF 15</tag>
		</tags>
		<price>75.0</price>
		<introduction>You want it all-the lifted look, the firmer feeling and the radiance that reflects how beautiful you are. Now look as young as you feel with a multi-faceted, 24-hour lift system.
		</introduction>
		<photo>FirmingSculptingFaceandNeckCreme.png</photo>
	</product>
	<product>
		<name>Advanced Night Repair</name>
		<brand>
			<bname>Estee Lauder</bname>
			<bphoto>estee.jpg</bphoto>
		</brand>
		<category>Serum</category>
		<benefits>
			<benefit>Repairs past visible damage</benefit>
			<benefit>Helps protect skin's future</benefit>
		</benefits>
		<tags>
			<tag>Night Serum</tag>
			<tag>Anti-aging</tag>
		</tags>
		<price>55.0</price>
		<introduction>This comprehensive, high-performance anti-aging serum-30 years of innovation. Inspired by groundbreaking DNA research-brings your skin a dramatic reduction in the visible signs of aging.  
		</introduction>
		<photo>ANR.png</photo>
	</product>
	<product>
		<name>Advanced Night Repair Eye</name>
		<brand>
			<bname>Estee Lauder</bname>
			<bphoto>estee.jpg</bphoto>
		</brand>
		<category>Eye Care</category>
		<benefits>
			<benefit>Repairs past visible damage around the eyes</benefit>
		</benefits>
		<tags>
			<tag>Night Serum Eye</tag>
		</tags>
		<price>52.0</price>
		<introduction>All the proven repair of our #1 Serum. This silky serum-gel helps dramatically reduce the look of every key sign of aging around the fragile eye area:Fine lines, Wrinkles, Puffiness, Dark circles, Dryness, Uneven skintone.
		</introduction>
		<photo>ANREye.jpg</photo>
	</product>
</products>